video_title,video_id
"[W-LOG] WINNER 2023 UNIVERSITY FESTIVAL BEHIND (Feat. 영남대, 고려대)",vLDhUscng8c
[WINNER BROTHERS] 백패킹 하면 위험한 이유🫣 | HIGHLIGHT CLIP,UwIu2EXGmmQ
[WINNER BROTHERS] SPECIAL EPISODE 백패킹의 세계로⛺️ | WINNER's Backpacking,7O2dlrNmBWQ
[WINNER BROTHERS] 가슴에 국밥 쏟는 위너의 10년차 우정🥹 | HIGHLIGHT CLIP,qbEfsvEriKw
위너브라더스 막방🥳 #WINNER_BROTHERS,GrS9o6w3MnY
[WINNER BROTHERS] 엔딩 맛집 위너 브라더스 | SPECIAL CLIP,f2qwTCYPnzQ
[WINNER BROTHERS] 박인서에게 보내는 영상 편지 | SPECIAL CLIP,9iLBICk4rqM
[WINNER BROTHERS] EP.10 위심동체🍀 #2 | WE 4RE WINNER #2,Idg_fyzgT2E
[WINNER BROTHERS] 여름철 희대의 난제🤦‍♂️ | HIGHLIGHT CLIP,mC1A_qjc7cA
‘I LOVE U’ 누가 불렀을까요?💙🎙️ #WINNER_BROTHERS,j-yPY9HEbPg
[WINNER BROTHERS] EP.9 위심동체🍀 #1 | WE 4RE WINNER #1,ZTjn48mB0mg
[WINNER BROTHERS] 제철 위너 김진우 예능 폼 미쳤다🔥 | HIGHLIGHT CLIP,BGf0Uk3H-dU
[WINNER BROTHERS] 본격 희로애락 브라더스 | SPECIAL CLIP,jx-B4DShR44
[WINNER BROTHERS] EP.8 부루마불로 세계일주🎲 | World Tour with Blue Marble game,T8aIJWzCDKY
[WINNER BROTHERS] 무대를 뒤집어 놓은 위너 댄스 신고식🤸‍♂️ | HIGHLIGHT CLIP,Bxc0yp8w12g
[WINNER BROTHERS] 네잎 클로버 (Retro ver.) | SPECIAL CLIP,k9aCwH13_Is
[WINNER BROTHERS] EP.7 옛능의 위너🎙 | Tray Noraebang,16QVwpgphI4
[WINNER BROTHERS] 업보빔 맞은 송민호⚡(feat. 입조심) | HIGHLIGHT,AQx1_9JxpsQ
[WINNER BROTHERS] 스‘위트’ 애교 모음.zip | SPECIAL CLIP,Un0MgMAK6ls
[WINNER BROTHERS] EP.6 위트 있는 브라더스✨ #2 | WITTY BROTHERS #2,CwSVYKjaPOE
[WINNER BROTHERS] YG 후배 아이돌 애교로 기강 잡기❤️‍🔥 | HIGHLIGHT CLIP,JBGfFpiTomA
위너X트레저 밸런스 게임 2️⃣ #WINNER_BROTHERS,5aiSP-XI4uw
위너X트레저 밸런스 게임 1️⃣ #WINNER_BROTHERS,7h6Yq1_9gjY
[WINNER BROTHERS] 神인 아이돌 ‘위트’ | SPECIAL CLIP,P1MttJr8Z0g
[WINNER BROTHERS] EP.5 위트 있는 브라더스✨ #1 | WITTY BROTHERS #1,0M3eoL8b5Z8
[WINNER BROTHERS] 층간 소음 해결법 위너 ver.🏠 | HIGHLIGHT CLIP,EcaznHEEk6w
친구들끼리 깜찍하게 홀리데이를 즐기는 방법 #WINNER_BROTHERS,fAmtWjbyKK4
[WINNER BROTHERS] EP.4 위너의 홀리데이🎉 | WINNER's HOLIDAY,NgXIc_WxxxA
[WINNER BROTHERS] 다진 마늘로 부자가 된 김진우💰 | HIGHLIGHT CLIP,fB9j4PHtVGE
[WINNER BROTHERS] 먹잘알 위너의 먹언 대방출 | SPECIAL CLIP,G_O_7tflcuE
[WINNER BROTHERS] EP.3 방구석 알바🥇 | Working part-time in a room,5rMC1gF_4vw
[WINNER BROTHERS] 요즘 MZ 신입 발표 수준💦 | HIGHLIGHT CLIP,yV_LN1VlsOE
직급별 ‘I LOVE U’ 추는 법 #WINNER_BROTHERS,0Q27F3BlBHY
[WINNER BROTHERS] 직장인 공감 모음.zip | SPECIAL CLIP,DdCA6dmNVPg
[WINNER BROTHERS] EP.2 마케팅의 위너📊 | WINNER of Marketing,5WNpLdn4plA
[WINNER BROTHERS] 꽁트에 진심인 위너.mp4🎬 | HIGHLIGHT CLIP,w2fOSQ1xnBg
WINNER 2022 CONCERT [THE CIRCLE] KiT VIDEO PREVIEW,992QJMjFQaM
위너한테 누구세요? 라고 해봤다 #WINNER_BROTHERS,MyHWtdMsywE
[WINNER BROTHERS] EP.1 강김송이 능력시험💯 | KangKimSongLee Exam,uDUqMKw6zmM
[WINNER BROTHERS] COMING SOON TEASER,9Jv0YQf6nzg
「위너 2022 콘서트 더 서클 : 더 무비」 두 번째 예고편 공개! | 「WINNER 2022 THE CIRCLE : THE MOVIE」 2nd TRAILER,W5C7sEfHhgU
「위너 2022 콘서트 더 서클 : 더 무비」 메인예고편 공개! | 「WINNER 2022 THE CIRCLE : THE MOVIE」 TRAILER,DglkRMsQIsw
위너 첫 영화 「위너 2022 콘서트 더 서클 : 더 무비」 CGV 단독 개봉,Fxw7j2StiV0
"🤍 D-1, 이번 연말은 위너와 함께 WHITE HOLIDAY!☃️",05Gi88eNnUE
❄️무슨 무슨 DAY? WHITE HOLIDAY D-2!☃️,Co2mIZahkNY
WINNER LIVE STAGE [WHITE HOLIDAY] LIVESTREAM VIEWING GUIDE,iiEn6AJ3PIQ
WINNER LIVE STAGE [WHITE HOLIDAY] SPOT VIDEO,fERztZXf6wY
WINNER LIVE STAGE [WHITE HOLIDAY] - MESSAGE VIDEO,VZh-p6wKTy8
WINNER - ‘집으로 (SWEET HOME)’ SPECIAL LIVE CLIP,ZtW6Rh8v8cM
WINNER X Crocs - 위너 역대 의상으로 해본 셀프 스타일링✨ | WINNER’S CLOSET with Crocs,IVaegtFGVq8
WINNER - 4th MINI ALBUM [HOLIDAY] OFFLINE FANSIGNING EVENT,VTGls7uLaT4
WINNER X ZEPETO - 'I LOVE U' DANCE CHALLENGE #JINU #HOONY,6jiFe2bb3v4
WINNER X ZEPETO - 'I LOVE U' DANCE CHALLENGE #MINO #YOON,lh02qBbb0NY
#ILOVEU CHALLENGE with STAYC🌹😈,v-J9VZvVnu8
#ILOVEU CHALLENGE with aespa 닝닝🦋,__7lLShP4FU
WINNER - HOLIDAY IN THE CITY #BEHIND,74wAvdh0v-E
WINNER - ‘I LOVE U’ M/V EXTRA CUT #3 (feat. ENDING FAIRY🧚‍♂️),-z9xXDU4vdc
WINNER - HOLIDAY IN THE CITY MAKING FILM,u1NjB6rMvQ8
WINNER - ‘I LOVE U’ M/V EXTRA CUT #2 (feat. CUPID MINO & HOONY💘),r5Fa_I8EORY
WINNER - ‘I LOVE U’ M/V EXTRA CUT #1 (feat. KNIGHT YOON & JINU⚔️),62A2xU5MV3I
#ILOVEU CHALLENGE with TREASURE💎,MXdPxmRi780
인서를 향한 #ILOVEU 손키스 💋👋,01Hm7TyYSxY
#ILOVEU CHALLENGE with 아이키❤️,D3BNmDnvvps
숨은 #ILOVEU 메시지 찾기🔎💌 #JINU,qPru6PeMFkY
숨은 #ILOVEU 메시지 찾기🔎💌 #YOON,XidRw6h4_Oc
[Playlist] 제철 위너와 함께 떠나는 Summer HOLIDAY | WINNER's HOLIDAY Playlist,5YKL_1wbUnw
#MBTI 별 #ILOVEU 를 또 또 말해주는 방법❤️‍🔥,QXdhbnU5JCA
YOON X MINO - BIGBANG '봄여름가을겨울 (Still Life)' COVER VIDEO,0C_ARJ-1koA
WINNER - HOLIDAY IN THE CITY #WINNER CAM,gF-faDbstn8
WINNER - HOLIDAY IN THE CITY ‘I LOVE U’ FANCAM #YOON,wZXn1EM8q0s
WINNER - HOLIDAY IN THE CITY ‘I LOVE U’ FANCAM #JINU,YIRpAaSfdWs
WINNER - HOLIDAY IN THE CITY ‘I LOVE U’ FANCAM #MINO,o6yMy59hBQs
WINNER - HOLIDAY IN THE CITY ‘I LOVE U’ FANCAM #HOONY,TG8AxpXVj8g
WINNER - ‘I LOVE U’ M/V SHOOTING BEHIND CLIP #2,kw7vHGaFXAQ
WINNER - HOLIDAY IN THE CITY ‘I LOVE U’ STAGE FULL CAM,0zn7m3vhUVI
WINNER - [HOLIDAY] COUNTDOWN LIVE with INNER CIRCLE REPLAY,DV3V-e-ck2Q
"SAY, #ILOVEU 💙!",3l2Kj8uUXpE
WINNER - ‘I LOVE U’ DANCE PRACTICE VIDEO,XwETZc87kGA
WINNER - ‘I LOVE U’ M/V SHOOTING BEHIND CLIP #1,kznzCNVnqKY
Duet with WINNER #ILOVEU CHALLENGE,SGE3BtOFOt8
WINNER - #ILOVEU CHALLENGE #JINU (BABY ver.),zoObTwbLrZ8
WINNER - #ILOVEU CHALLENGE #MINO (BABY ver.),0V8qi-QM5iI
#ILOVEU CHALLENGE with (여자)아이들 미연💜,TWYiEK7R3iI
WINNER - 4th MINI ALBUM [HOLIDAY] ALBUM UNBOXING,cVRCwFkm7tk
WINNER - #ILOVEU CHALLENGE #HOONY (BABY ver.),VV_-lovZP50
WINNER - #ILOVEU CHALLENGE #YOON (BABY ver.),pKr2mx_V-Sk
#ILOVEU CHALLENGE with 선미❤️‍🔥,31Mayf-JJIU
WINNER -  WATER BOMB 2022 BEHIND | 워터밤 2022 (feat. I LOVE U),n5R2AoDoe4I
WINNER - #ILOVEU CHALLENGE (UNIT ver.),H8YAw5j9VnU
WINNER - #ILOVEU CHALLENGE (GROUP ver.),aexYkd4iZJI
WINNER - 'I LOVE U' M/V #JINU CAM,kNo5-F6rWRk
WINNER - 'I LOVE U' M/V #MINO CAM,Oj3kEB0KEmA
WINNER - 'I LOVE U' M/V #HOONY CAM,bH8GULFAzdE
WINNER - 'I LOVE U' M/V #YOON CAM,kuTbNKAGvNs
WINNER - ‘I LOVE U’ M/V MAKING FILM,E-UAlXHR22I
WINNER - #ILOVEU CHALLENGE (VILLAGE ver.),zwldArZSx7w
WINNER - #ILOVEU CHALLENGE (STAGE ver.),qM2NvFXtQyQ
WINNER - ‘I LOVE U’ M/V,waMAVn2hHBM
WINNER - ‘HOLIDAY’ SAMPLER CLIP🏖,kZrzR5fGGX4
WINNER - ‘I LOVE U’ SAMPLER CLIP💙,f1A86sXiIDg
WINNER - 4th MINI ALBUM [HOLIDAY] SAMPLER,IBHl2F0RbQ0
WINNER - 'I LOVE U' COMING SOON,phxYJSAqeYQ
WINNER - 'I LOVE U' M/V HIGHLIGHT PREVIEW #YOON,oU6UH1QU9w0
WINNER - 'I LOVE U' M/V HIGHLIGHT PREVIEW #JINU,ls3kxBHtAYk
WINNER - 'I LOVE U' M/V HIGHLIGHT PREVIEW #MINO,rE8enpe91vQ
WINNER - 'I LOVE U' M/V HIGHLIGHT PREVIEW #HOONY,9TDYTSRE-Vc
WINNER - ‘I LOVE U’ M/V TEASER,QKgGAvlnjMk
WINNER - 'I LOVE U' MOTION TEASER,BNzqqsuo0YE
WINNER - COMEBACK TRAILER MAKING FILM,DwTz0-bqBa0
WINNER - 4th MINI ALBUM VISUAL FILM #YOON,JDBrjYgnU10
WINNER - 4th MINI ALBUM VISUAL FILM #JINU,VvkUdhF31jc
WINNER - 4th MINI ALBUM VISUAL FILM #MINO,pZ6olh00zxw
WINNER - 4th MINI ALBUM VISUAL FILM #HOONY,YPFWDKRWE2c
WINNER - 4th MINI ALBUM VISUAL FILM,16KPB24iVTo
WINNER - NEW ALBUM COMEBACK TRAILER,4EpgHV_nnOU
WINNER 2022 CONCERT [THE CIRCLE] with BAND SESSION,9G1JhPjlMyk
[W-LOG] 승윤의 DIY 카메라 제작기 📷,rgNX6fe9blM
[W-LOG] 진우가 추천해주는 멤버별 담금주는?,smay2FqqfdI
[W-LOG] WINNER RELAY CAM #2 with YOON & JINU,42y6SOJsaRI
WINNER - [THE CIRCLE] LIVE STREAMING VIEWING TIP🔥,nHAk7YXNoXc
YG PALM STAGE 2021 [MINO : MANIAC] KiT VIDEO PREVIEW,hPRkzS-49Oo
YG PALM STAGE 2021 [YOON : PASSAGE] KiT VIDEO PREVIEW,p58J1PfTpUU
GUESS WHO'S BACK? 위너와 함께 지구에게 감사하는 마음을 가져요!,2x4c5YrWxL0
[W-LOG] @arudaum 승훈의 새로운 공룡 친구 사귀기 🦖,ITDcChMP-Xo
[W-LOG] 책 읽어주는 남자 민호의 시 낭송 📖,gKSyKDaJsZU
[W-LOG] WINNER RELAY CAM #1 with MINO & HOONY,WTPNd-CibN0
[PREVIEW] WINNER 2022 WELCOMING COLLECTION,klsg0Gu4rGk
WINNER 2022 CONCERT [THE CIRCLE] TEASER VIDEO,rcz4NBEmIrw
"[W-LOG] 인서야, 민호랑 같이 캠핑 갈래? 🏕",tMjKI_EJlHE
[W-LOG] LET’S GO CAMPING WITH MINO,0AEPXlBcdYQ
[W-LOG] 쩝쩝박사 승훈과 함께 하는 라면 먹방🍜,zBde-Xg-NCg
[W-LOG] 서울살이 11년 차 승훈의 첫 63 스퀘어,UThkMvTi9Pg
[W-LOG] HOONY'S BUCKET LIST - SEOUL TOUR,C8MUR3XR6jI
[W-TALK] 승훈이 운동을 꾸준히 하는 이유는?,tFUGYoC4jRc
[W-TALK] 2년 만에 인서 곁으로 돌아온 승훈💙,Komd-CtJ_2g
[W-TALK] GUESS WHO'S BACK? HOONY!,WSerTi7bXmk
강승윤 (KANG SEUNG YOON) - #KANGSEUNGYOON_MENTIONPARTY WITH INNERCIRCLE,z0PA6wPEAGo
'BORN TO LOVE YOU' 뮤비 찍다가 🍔🍟 찾은 승윤?! (feat. 마이노),-DVgHTMkUrs
강승윤 (KANG SEUNG YOON) - 'BORN TO LOVE YOU' M/V REACTION WITH WINNER,uFhaTwerPNQ
[W-TALK] 진우가 (오래 기다려준) 인서에게 💝,e4NdP48QARE
[W-TALK] '찐카소의 지옥에서 온 포도토끼' (feat. 양모펠트),BHBsQzw7HSU
[W-TALK] GUESS WHO'S BACK? JINU!,WNJmRqzJ-zA
강승윤 (KANG SEUNG YOON) - 'BORN TO LOVE YOU' COUNTDOWN LIVE REPLAY,CPpIydH1adA
강승윤 (KANG SEUNG YOON) - 'BORN TO LOVE YOU' M/V SHOOTING BEHIND CLIP #2,oi0UCJYXLEI
강승윤 (KANG SEUNG YOON) - 'BORN TO LOVE YOU' JACKET BEHIND CLIP,S6Jlt075y00
[W-PLAY] WINNER PLAYLIST - JINU'S CHOICE #4. 예뻤더라,d-A5Y-LAxs0
[W-PLAY] WINNER PLAYLIST - JINU'S CHOICE #3. 끄덕끄덕,UDlnjjivFds
[W-PLAY] WINNER PLAYLIST - JINU'S CHOICE #2. HAVE A GOOD DAY,JKSnw1w7D34
[W-PLAY] WINNER PLAYLIST - JINU'S CHOICE #1. 애 걔,N2hI2EsLQDM
[W-PLAY] WINNER PLAYLIST - JINU'S CHOICE FOR INNERCIRCLE,FUJLtji926g
"강승윤 (KANG SEUNG YOON) - RANDOM PLAY LIVE | REALLY REALLY, MILLIONS, 365, 아이야, BORN TO LOVE YOU 등",OiFEdLckv-Y
강승윤 (KANG SEUNG YOON) - 'BORN TO LOVE YOU' M/V SHOOTING BEHIND CLIP #1,q_v5cJ9EG8U
DUET WITH YOON #2,N82RI0aSq7k
DUET WITH YOON #1,vMofozwCAZ4
강승윤 (KANG SEUNG YOON) - 'BORN TO LOVE YOU' M/V BEHIND THE SCENES,SLJF4J-ax_w
강승윤 (KANG SEUNG YOON) - 'BORN TO LOVE YOU' M/V,9mrlCwoOQtQ
강승윤 (KANG SEUNG YOON) - 'BORN TO LOVE YOU' D-1,0c6-ypUyktk
[W-LOG] 승윤이 타로를 보러 간 사연은?,0HcZoO66F_4
[W-LOG] TAROT READINGS FOR YOON'S 2022,CvvlbiZT9kg
강승윤 (KANG SEUNG YOON) - YOON-MADE MOOD BOARD CLIP,YceS8ktjSyY
강승윤 (KANG SEUNG YOON) - BITTER & SWEET MOMENTS INTERVIEW,CoLP7AWNM0g
강승윤 (KANG SEUNG YOON) - 'BORN TO LOVE YOU' MOVING POSTER #1,qqLagKXvKxU
강승윤 (KANG SEUNG YOON) - 'BORN TO LOVE YOU' MOVING POSTER #2,ddEPIaObybo
강승윤 (KANG SEUNG YOON) - 'BORN TO LOVE YOU’ M/V TEASER,Z4Byo3MYksk
[W-LOG] 승윤이 소개해주는 윤스튜디오✨,t1Zp1oqzwCY
[W-LOG] WELCOME TO YOON’S TOUR,oJBHhipLf3g
강승윤 (KANG SEUNG YOON) - 'BORN TO LOVE YOU' VISUAL FILM #2,-vlBVGeCpmA
강승윤 (KANG SEUNG YOON) - 'BORN TO LOVE YOU' VISUAL FILM #1,Y4pA4ZovqVM
'WINNER 2022 CONCERT'  MESSAGE VIDEO,BTQ6gEz_ekE
'WINNER 2022 CONCERT' SPOT VIDEO,EREF50Ghn8g
MINO X Adobe Fresco - DRAWING WITH MINO,zJw7Yl7lcWc
MINO X Adobe Fresco - COLLABORATION VIDEO,WZ5FsOfG4rw
"MINO - MINO REC ""TO INFINITY."" : PART TWO",OJnxUCOX-aU
"MINO - 3rd FULL ALBUM ""TO INFINITY."" ALBUM UNBOXING",qRnC0pkmFLg
MINO - 'LOVE IN DA CAR' SPECIAL VIDEO,NCOyt3gqZyI
MINO - ‘탕!♡ (TANG!♡)’ DANCE PRACTICE VIDEO,QtKkcYXInWc
"MINO - MINO REC ""TO INFINITY."" : PART ONE",vpp2hDJtWFk
MINO - '탕!♡ (TANG!♡)' 1212 SBS Inkigayo,iQhjW_iaksw
MINO - 'LOVE IN DA CAR' 1212 SBS Inkigayo,rMvN0z7JSeo
MINO - 'TANG!♡' FOR YOUR QUESTIONS INTERVIEW,DksP_PZ3bGs
"MINO - WELCOME ""TO INFINITY."" CONCEPT EXHIBITION : LISTEN TO PIECES",bl286QhaIJI
MINO - '탕!♡ (TANG!♡)' M/V MAKING FILM,8Cg4hX-k81Y
MINO - '탕!♡ (TANG!♡)' M/V,VAEEblk-qDU
MINO - 3rd FULL ALBUM [“TO INFINITY.”] D-1,E3HqJJjUOm4
"MINO - 3rd FULL ALBUM [""TO INFINITY.""] HIGHLIGHT VERSE PREVIEW",gqFwhMi_boM
MINO - '탕!♡ (TANG!♡)' UNTACT LISTENING SESSION,TJL_P7xOwZQ
MINO - '탕!♡ (TANG!♡)' M/V TEASER,o_gRFsCEor8
MINO - VISUAL FILM #2,ScM7Qn9v_Cc
MINO - VISUAL FILM #1,XfecZQtoOPc
YOON - 'PASSAGE' D-DAY MESSAGE CLIP,EjMJw_bWN4c
MINO - 'MANIAC' D-DAY MESSAGE CLIP,Xz8LCKzzxdg
YOON - 'PASSAGE' SPOILER VIDEO,gaNF3cKwIqk
MINO - 'MANIAC' SPOILER VIDEO,wRHJsp-_aq8
MINO - 'MANIAC' VIEWING GUIDE,4jlRdHfSIM4
YOON - 'PASSAGE' VIEWING GUIDE,3uhYqZ5O2qQ
YOON - 'PASSAGE' with BAND SESSION,czUMMAmzOCI
YOON - 'PASSAGE' with BAND SESSION CLIP,5tJaqthucMI
MINO - 'MANIAC' with BAND SESSION,ffQhSDLLIpw
MINO - ‘MANIAC' with BAND SESSION CLIP,1pAzwGfpueA
YOON - 'PASSAGE' MESSAGE VIDEO,_CcJAcfF_8Y
MINO - 'MANIAC' MESSAGE VIDEO,ID6LkWosR5Q
MINO - 'MANIAC' TEASER VIDEO,3Itm7-jgNPg
YOON - 'PASSAGE' TEASER VIDEO,b0JzTmsKrms
KANG SEUNG YOON - [PAGE] Online Fansigning Event,PjhPDbDYP7U
강승윤(KANG SEUNG YOON) - '아이야 (IYAH)' 0425 SBS Inkigayo,bapCB_A3qeQ
강승윤(KANG SEUNG YOON) - 'SKIP (Feat. Wonstein)' DRIVE LIVE CLIP,RbVO5kV_CMQ
승윤이와 함께 지구의 날을 기념하고 아름다운 지구 아끼기!,eaf5n1A_YPA
강승윤(KANG SEUNG YOON) - '아이야 (IYAH)' SPECIAL LIVE CLIP with Yoon Jong Shin,wIAAYpyYmSk
강승윤(KANG SEUNG YOON) - '아이야 (IYAH)' 0418 SBS Inkigayo,h39kQx5ci_0
강승윤(KANG SEUNG YOON) - '아이야 (IYAH)' 0411 SBS Inkigayo,sRkInkMq0Bc
강승윤(KANG SEUNG YOON) - '아이야 (IYAH)' SPECIAL DANCE PERFORMANCE VIDEO,qM-zLDJNNMU
강승윤(KANG SEUNG YOON) - '아이야 (IYAH)' 0404 SBS Inkigayo,F7dKyugyZok
강승윤(KANG SEUNG YOON) - 'BETTER' 0404 SBS Inkigayo,xHHdTCmazaQ
강승윤(KANG SEUNG YOON) [PAGE] BALANCE GAME,ThXnx2VpP0A
강승윤(KANG SEUNG YOON) - [PAGE] JACKET MAKING FILM,DMI0Ibttm68
강승윤(KANG SEUNG YOON) - '아이야 (IYAH)' DANCE PRACTICE VIDEO,PdpLid25oOA
강승윤(KANG SEUNG YOON) - '아이야 (IYAH)' M/V MAKING FILM,ZZbtrJrZQj0
강승윤(KANG SEUNG YOON) - '아이야 (IYAH)' M/V,-HVfBljdSWE
강승윤(KANG SEUNG YOON) - 1st FULL ALBUM [PAGE] SAMPLER,hV1HqewaoZk
강승윤(KANG SEUNG YOON) - '아이야 (IYAH)' M/V TEASER #2,jMHFF6EaOr0
강승윤(KANG SEUNG YOON) [PAGE] TRACKLIST MOOD DIRECTION,x1t1t3ZObC8
강승윤(KANG SEUNG YOON) - 1st FULL ALBUM [PAGE] COMMENTARY FILM,ahB6PJskx-8
강승윤(KANG SEUNG YOON) - '아이야 (IYAH)' M/V TEASER,7nlDbatnlxo
KANG SEUNG YOON - 1st FULL ALBUM [PAGE] CONCEPT TEASER,b3uCw54bNYs
KANG SEUNG YOON - COMING SOON TEASER,KFnWq2-h7Qg
KANG SEUNG YOON [THE PREQUEL] CHAPTER 4,-EhcNPffr9g
KANG SEUNG YOON [THE PREQUEL] CHAPTER 3,HWIQ6dpNq_8
KANG SEUNG YOON [THE PREQUEL] CHAPTER 2,j_-lMFn77hs
KANG SEUNG YOON [THE PREQUEL] CHAPTER 1,wnsKM1PpJYY
WINNER - [MINO&YOON] 2020 to 2021 SELF INTERVIEW,C_mYaVNqCjY
MINO - [TAKE] Online Fansigning Event,chNJWg8rrlo
MINO – ‘도망가 (Run away)’ 1115 SBS Inkigayo,9ric2y7vr9s
MINO - MINO REC ‘TAKE’ : PART TWO,ad01jq_kYUg
MINO - ‘도망가 (Run away)’ M/V COMMENTARY,Uy20snAYpZc
MINO - '도망가 (Run away)' PIANO LIVE ver.,lsR5_MBU5EY
MINO – ‘도망가 (Run away)’ 1108 SBS Inkigayo,mL1XRInhFuM
MINO - 'Ok man (Feat. BOBBY)’ SPECIAL PERFORMANCE VIDEO,JIgzofduHOs
MINO - MINO REC ‘TAKE’ : PART ONE,-ZRAPJkg8Zk
MINO - ‘도망가 (Run away)’ LYRIC VIDEO,WiJo3GFxkpY
MINO - '도망가 (Run away)’ SPECIAL PERFORMANCE VIDEO,sQoZZxI4Xf8
MINO - '도망가 (Run away)’ JACKET MAKING FILM,hind7thGheE
MINO - '도망가 (Run away)’ M/V MAKING FILM,nqrGzGy6z1A
MINO - ‘도망가 (Run away)’ M/V,1eWm7NwjGco
MINO - 2nd FULL ALBUM 'TAKE' WORKROOM SAMPLER,R1Z8VAvcdiU
MINO - '도망가 (Run away)’ M/V TEASER #2,ZBv5GRAytEg
MINO - '도망가 (Run away)’ M/V TEASER #1,IakRiSgVlfI
MINO - 'TAKE' ON MINO INTERVIEW,MwsDWZIenuA
MINO - 2nd FULL ALBUM ‘TAKE’ CONCEPT TEASER #3,LODoXmTAty0
MINO - 2nd FULL ALBUM ‘TAKE’ CONCEPT TEASER #2,Sr3x5tnlOoA
MINO - 2nd FULL ALBUM ‘TAKE’ CONCEPT TEASER #1,eEhnnMvo2fY
WINNER - 6th anniversary PHOTO STUDIO,eWKNNQYNjYI
WINNER - Remember (Japanese Ver.) M/V,LuCabV2bU9c
WINNER - WINNER 2019 CROSS TOUR IN SEOUL [DVD+LIVE CD] SPOT,-T03lREHE3k
WINNER - 'Well' LYRIC VIDEO | 3rd FULL ALBUM [Remember] RECAP,KxxbP8q8u74
WINNER - 3rd FULL ALBUM [Remember] 44 Sec. CLIP #4,5NAkhliEIkE
WINNER - 3rd FULL ALBUM [Remember] 44 Sec. CLIP #3,2op7eNI5zuM
WINNER - [Remember] Online Fansigning Event,lNQBcNLLKWI
WINNER - 3rd FULL ALBUM [Remember] 44 Sec. CLIP #2,czZi3SB6Z_A
WINNER - 3rd FULL ALBUM [Remember] 44 Sec. CLIP #1,QqS2UsUMYng
WINNER - 'Remember' INTERVIEW #2 : TALK ABOUT WINNER,zHmWOHnNav4
WINNER - 'Remember' LIVE PERFORMANCE (Vertical ver.),9pbiPH6r3vw
WINNER - 'Remember' M/V BEHIND THE SCENES,u0WHN9tVW_M
WINNER - 'Remember' INTERVIEW : ASK WINNER,yvsQrXh-VLQ
WINNER - 'Remember' M/V,NTJ8esMHW2E
WINNER - 'Remember' M/V TEASER #2,C0aKaS_v_5M
WINNER - 'Remember' M/V TEASER #1,zwe8BHi8we0
WINNER - 3rd FULL ALBUM [Remember] SAMPLER,fq2-ycPWl8Y
WINNER - 3rd FULL ALBUM [Remember] CONCEPT VIDEO #2,7QE6o72g29E
WINNER - 3rd FULL ALBUM [Remember] CONCEPT VIDEO,LUk6uuVhGEc
WINNER - '뜸(Hold)' M/V NG CUTS,U_q0NA8Eb-w
WINNER - '뜸(Hold)' LIVE PERFORMANCE (Retro ver.),VJLgftLOK0o
WINNER - COVID-19 MESSAGE (코로나19 응원 메시지),w4yrD6lzfVs
WINNER - '뜸(Hold)' CHALLENGE '#DDeumChallenge' TUTORIAL,W396fJ6Zos0
WINNER - '뜸(Hold)'  M/V BEHIND THE SCENES,y3Gl36sTD48
WINNER - PRE-RELEASE SINGLE '뜸(Hold)' INTERVIEW : Hold TALK,33Lmyy6HtdY
WINNER - '뜸(Hold)' M/V,YURT0erwtJc
WINNER - '뜸(Hold)' M/V TEASER #2,G2xh9rCDwsY
WINNER - '뜸(Hold)' M/V TEASER #1,StgUI3P9_fQ
WINNER - '뜸(Hold)' FINGER DANCE TEASER #2,34juU7oh3h0
WINNER - PRE-RELEASE SINGLE '뜸(Hold)' HIGHLIGHT TEASER,Z4VS_tr1Sls
WINNER - '뜸(Hold)' FINGER DANCE TEASER,JTd5k-uEbjQ
WINNER - MOVIE STAR (WINNER JAPAN TOUR 2019),2V-QkfHeyd8
WINNER - REALLY REALLY (WINNER JAPAN TOUR 2019),lYqBXrJVqaw
WINNER - AH YEAH (WINNER JAPAN TOUR 2019),-R27KXqR_sI
WINNER - RAINING (WINNER JAPAN TOUR 2019),H_yqbl3HKwU
WINNER - MOLA (WINNER JAPAN TOUR 2019),eBT1ojZODco
WINNER - WINNER'S 2020 WELCOMING COLLECTION [in BALI] PHOTOSHOOT MAKING FILM SPOT,Ha3LpKATz9o
WINNER - EVERYDAY (WINNER JAPAN TOUR 2019),LsbUBzAxqMY
WINNER JAPAN TOUR 2019 (Trailer_DVD & Blu-ray 3.4 on sale),YGyUEBHwYZU
WINNER - WINNER'S 2020 WELCOMING COLLECTION [in BALI] SPOT,TC_QnPkQYUw
WINNER - SONG 4 U -Memorial Story-,AQ4HwdDHgIk
WINNER - SOSO -JP Ver.-,kzP8fxo-xF8
"WINNER - 'WINNER THE BEST ""SONG 4 U""' Trailer2",E-BR3V113Ak
WINNER - 'CROSS' FAN-SIGNING DAY IN YEONGDEUNGPO,ikVn1l5jFmc
WINNER - 'OMG' LYRIC VIDEO with INNER CIRCLE,TkTgXoMxNss
WINNER - 'CROSS' SBS INKIGAYO BEHIND THE SCENES,_KqpcL2XgDU
"WINNER - 'WINNER THE BEST ""SONG 4""' Trailer",-cgnxqjGCdk
WINNER - 'SOSO' 1110 SBS Inkigayo,C8L0CGaSZkA
WINNER - 'SOSO' 1103 SBS Inkigayo,Bhse3x5VjsY
WINNER - 'OMG' 1103 SBS Inkigayo,wmVKILvIZI8
WINNER - 'SOSO' LIVE PERFORMANCE [CROSS] TOUR IN SEOUL,oMMVWHWGnsU
WINNER - 3rd MINI ALBUM 'CROSS' JACKET MAKING FILM,zmjhwq45KCU
WINNER - 2019 WINNER EVERYWHERE TOUR ENCORE IN SEOUL [DVD+LIVE CD] SPOT,DkTlYX120YQ
WINNER -  'SOSO' PRACTICE VIDEO,Ecu88ee_zVI
WINNER -  'SOSO' M/V MAKING,mP0yWU0ogs8
WINNER - 'SOSO' M/V,oDKMLDH8kqc
WINNER - 3rd MINI ALBUM 'CROSS' SAMPLER,dy3XGvtdyM0
WINNER -  'SOSO' M/V TEASER : YOON,qYu_dnWTXKg
WINNER -  'SOSO' M/V TEASER : JINU,QSRYBOvAwYc
WINNER -  'SOSO' M/V TEASER : MINO,EoUi7GDSt-Q
WINNER -  'SOSO' M/V TEASER : HOONY,3llnXl_3wi0
WINNER -  'SOSO' M/V TEASER,Sgn3a69sE-A
WINNER - 3rd MINI ALBUM 'CROSS' MOOD DIRECTION,gaW0WP8_JCw
WINNER - 3rd MINI ALBUM 'CROSS' TEASER FILM : MEANING OF CROSS,8vxLcalpN-s
WINNER - 3rd MINI ALBUM 'CROSS' CONCEPT VIDEO #2,ZTPmWcnCE7s
WINNER - 3rd MINI ALBUM 'CROSS' CONCEPT VIDEO #1,842nxVsuivA
WINNER - 'CROSS TOUR IN SEOUL' SPOT,LswL8Lp79b0
WINNER - 'CROSS TOUR IN SEOUL' MESSAGE VIDEO,ybQtciTTwyc
JINU -  ‘또또또 (Feat.MINO)’ SBS INKIGAYO BEHIND THE SCENES,AkpTQC4N-H0
JINU - [JINU's HEYDAY] FAN-SIGNING EVENT in JAMSIL,5_AEkQLnZiY
[VISUAL SONG] JINU - ‘또또또',tdyRbvYhcx8
JINU - '또또또 (Feat.MINO)' 0825 SBS Inkigayo,qid19ofrBQ4
JINU - SPECIAL DAY ONLY FOR JINU,5viuctZaKqU
JINU - WHAT’s IN JINU’s PHONE,MG4wQ0nfwe0
JINU - JINU's 1 DAY @'HEYDAY' JACKET SHOOTING,37SUZBUdvVQ
JINU - '또또또 (Feat.MINO)' 0818 SBS Inkigayo,fBlnQPJb1CA
JINU - '또또또 (Feat.MINO)' M/V MAKING FILM,i-gomZZxq84
JINU - '또또또 (Feat.MINO)' PRACTICE VIDEO,DjRb4z6TUIQ
JINU - '또또또 (Feat.MINO)' M/V,dzUALQqbARo
JINU - '또또또 (Feat.MINO)' M/V TEASER #2,U8bADYmybjY
JINU - '또또또 (Feat.MINO)' M/V TEASER #1,EVCiiWRiAkE
WINNER - '2019 WINNER'S SUMMER STORY [in Hawaii]' SPOT,gxGw2bKT1qE
JINU - CONCEPT VIDEO #2,TnyjfxsVI8M
WINNER - 'WE' Trailer,8ccnW-tA1ug
JINU - CONCEPT VIDEO #1,DhTzGk7mhE4
WINNER - WWIC 2019 ‘그 노래’ 2부,OHup2aIYImQ
WINNER - WWIC 2019 ‘그 노래’ 1부,KjNTh94B5Rc
WINNER - 2ND MINI ALBUM 'WE' FAN-SIGNING EVENT in IFC MALL,G-5v3OKoCuU
WINNER - AH YEAH (Japanese Ver.) M/V,E0kYikW0z7M
WINNER - MILLIONS (Japanese Ver.) M/V,53GAn7Lqaac
WINNER -  'WE' SBS INKIGAYO BEHIND THE SCENES,RNTz6xQGSlA
WINNER - 'WINNER 4444' Interview,_AuVq0FadQM
WINNER - 2ND MINI ALBUM 'WE' FAN-SIGNING EVENT in BANGKOK,p6lH3XKSs-Q
WINNER - 'PRIVATE STAGE [WWIC2019]' SPOT,6-CZmKPO7jw
WINNER - 'AH YEAH(아예)' 0526 SBS Inkigayo,jR61JQwFnls
WINNER - ‘WE’ JACKET SHOOTING FILM,Ol1gZL1xn2M
WINNER - ‘몰라도 너무 몰라’ PERFORMANCE VIDEO,J6A4eF6UCqM
WINNER - ‘AH YEAH(아예)’ 0519 SBS Inkigayo,sfxshYHKC9c
WINNER - ‘몰라도 너무 몰라(MOLA)’ 0519 SBS Inkigayo,gm-bKj0gQvU
[W-LOG] EP13. EVERY MOMENT in NY-2,8zAgwhopkbA
WINNER - ‘AH YEAH (아예)’ PERFORMANCE VIDEO,AVTenFTYy1k
WINNER - ‘AH YEAH (아예)’ M/V MAKING FILM,BOM8702FyL0
WINNER - 'AH YEAH (아예)' M/V,Pm0_G8Zl0ek
WINNER - ‘WE’ SAMPLER,JW8y3ZNX25Y
WINNER - ‘AH YEAH (아예)’ M/V TEASER,22BJnDzs3bA
WINNER - ‘WE’ MOVING TEASER,yrXHZWWakj0
[W-LOG] EP12. EVERY MOMENT in NY-1,SAoh9gSyHIo
[W-LOG] EP11. EVERY MOMENT in CHI&TORONTO,exHJER678HQ
[W-LOG] EP10. EVERY MOMENT in DAL&CHI,fUY01fW9XYk
[W-LOG] EP9. EVERY MOMENT in LA,yYr08U7-F58
[W-LOG] EP8. EVERY MOMENT in SAF,KM-346d0hbw
[W-LOG] EP7. EVERY MOMENT in SEATTLE,HfdZfpZl4rI
WINNER - RAINING (WINNER 2018 EVERYWHERE TOUR IN JAPAN),hWWl9biyMtM
WINNER - REALLY REALLY (WINNER 2018 EVERYWHERE TOUR IN JAPAN),CN-ox83TfzY
WINNER 2018 EVERYWHERE TOUR IN JAPAN (Trailer2_DVD & Blu-ray 2.6 on sale),1S9hajtzEeE
WINNER - ISLAND (WINNER 2018 EVERYWHERE TOUR IN JAPAN),U_u7Jwdhspc
WINNER VACATION -HOONY TOUR-,KaCwF7mDFhg
WINNER - MOVIE STAR (WINNER 2018 EVERYWHERE TOUR IN JAPAN),fRCgNvucQSc
WINNER’S 2019 WELCOMING COLLECTION,yTg1xS6shdQ
WINNER - EVERYDAY (WINNER 2018 EVERYWHERE TOUR IN JAPAN),DowvePgX35Y
WINNER 2018 EVERYWHERE TOUR IN JAPAN (Trailer_DVD & Blu-ray 2.6 on sale),sDUMQHF1Ky0
WINNER - ‘MILLIONS’ 0113 SBS Inkigayo,VNF6qUagQFM
WINNER - 'MILLIONS' FAN SIGNING DAY IN JAMSIL,QJgjQdG45Kk
WINNER - ‘MILLIONS’ 0106 SBS Inkigayo : NO.1 OF THE WEEK,YcZpfcTVH4Y
WINNER - 2018 EVERYWHERE TOUR IN SEOUL DVD SPOT,rR869t5beNo
WINNER - MILLIONSDAY at GABBIA,oe6XMMxYmVg
WINNER - ‘MILLIONS' in 2018 SBS Gayodaejun,4G3iMcN-xEY
MINO(송민호) - '시발점(TRIGGER)' + '아낙네(FIANCÉ)' in 2018 SBS Gayodaejun,pVZYCrpsCKs
WINNER - MILLIONS REASONS WINNER LIKES YOU,2OpribdWnwk
WINNER - 'MILLIONS' PERFORMANCE VIDEO,mGgY0U0H9yA
WINNER - 'MILLIONS' M/V MAKING FILM,KES1dkzI_g4
WINNER - 'MILLIONS' M/V,PALjhRpnfbk
WINNER - 'MILLIONS' M/V TEASER #2,q2knw9OlWGc
WINNER - 'MILLIONS' M/V TEASER #1,QB-g1riIer0
YG INSTA SPOILER,Iahe0mK4vpg
WINNER - 'MILLIONS' MOVING POSTER #2,bKk-b5PsFDo
MINO(송민호) - ‘아낙네(FIANCÉ)’ 1216 SBS Inkigayo,bxZJbc_YIvY
[W-LOG] EP6. WINNER - EVERYWHERETOUR in HONG KONG,sjKu2MUrfsg
MINO(송민호) - 'XX' SBS INKIGAYO BEHIND THE SCENES & FAN SIGNING DAY,75vVFDtaeLs
MINO(송민호) - 'XX' ALBUM RELEASE PARTY at GABBIA,UzNtkpuSVGU
WINNER - 'MILLIONS' MOVING POSTER #1,4OTPL7BXBjw
MINO(송민호) - MINO REC 'XX',msodGTG8Tg8
MINO(송민호) - ‘아낙네(FIANCÉ)’ 1209 SBS Inkigayo : NO.1 OF THE WEEK,swFFVWg40Ec
[W-LOG] EP5. WINNER - EVERYWHERETOUR in JAKARTA,8dgNkWDDaLk
WINNER - ‘EVERYWHERE TOUR ENCORE IN SEOUL’ SPOT #2,WKq3WwkPguo
MINO(송민호) - ‘아낙네 (FIANCÉ)’ M/V CHOREOGRAPHY VER.,MAAyMjGwJmY
WINNER EVERYWHERE TOUR IN NORTH AMERICA,RzjoBR4P9Jk
MINO(송민호) - ‘아낙네(FIANCÉ)’ 1202 SBS Inkigayo,M_JjAwZ3Jc8
WINNER - EVERYWHERETOUR BACKSTAGE in MANILA,Z15Sxlj6xYI
MINO(송민호) - ‘아낙네 (FIANCÉ)’ PERFORMANCE EDITED VERSION,0CjyelusV1Q
MINO(송민호) - ‘아낙네 (FIANCÉ)’ PERFORMANCE VIDEO,gpzZX0FDkPE
MINO(송민호) - '아낙네 (FIANCÉ)' M/V,NY8VGNft-Zc
MINO(송민호) - ‘FIRST SOLO ALBUM : XX’ SAMPLER,LbPDs4F1CIw
MINO(송민호) - ‘아낙네 (FIANCÉ)’ M/V MAKING FILM,sXy63jn8ncg
MINO(송민호) - 'FIRST SOLO ALBUM : XX' DIRECT MESSAGE,N5crBjWl2OE
[W-LOG] EP4. FUN BUSINESS TRIPS with WINNER HOONY,tQVyZ5Gcml8
MINO(송민호) - 'FIRST SOLO ALBUM : XX' DIRECT MESSAGE TEASER 3,gGgmTxhF0ok
WINNER - ‘EVERYWHERE TOUR ENCORE IN SEOUL’ SPOT #1,_I7kEv5MnGk
MINO(송민호) - 'FIRST SOLO ALBUM : XX' DIRECT MESSAGE TEASER 2,cutoJ9wWA4M
MINO(송민호) - 'FIRST SOLO ALBUM : XX' DIRECT MESSAGE TEASER 1,EzrFPJcCsz8
MINO(송민호) - ‘아낙네 (FIANCÉ)’ M/V TEASER,ukcuGSqQFoo
MINO(송민호) - ‘FIRST SOLO ALBUM : XX’ MOVING POSTER,mFYOzsZWX-w
WINNER - EVERYWHERETOUR BACKSTAGE in SINGAPORE,QrT0mi5mC-8
[W-LOG] EP3. KIM IS LEGEND with WINNER JINU,F9KbR6X_Dcg
WINNER - EVERYWHERETOUR BACKSTAGE in BANGKOK,BNnBrgW7BDc
[W-LOG] EP2. A STARRY STARRY NIGHT with WINNER MINO,o-96zLQb2lE
[W-LOG] EP1. NIGHT MARKET HANG OUT with WINNER YOON,yVH6g5CzYxg
WINNER - EVERYDAY (Japanese Ver.) M/V,X6yOs5IbkOM
WINNER - 'EVERYD4Y' Trailer,K7A1XHWxoSY
WINNER - EVERYWHERETOUR BACKSTAGE in TAIPEI,7m-3xQZr_rc
WINNER - SURPRISE PARTY FOR JINU,CyOMpDlSDn0
WINNER - EVERYDAY (WINNER JAPAN TOUR 2018 ~We’ll always be young~),CS__iDDZE_4
WINNER - ISLAND (WINNER JAPAN TOUR 2018 ~We’ll always be young~),ZugoieeuLyk
WINNER JAPAN TOUR 2018 ~We’ll always be young~ (Trailer2_DVD & Blu-ray 9.5 on sale),tTr4fWp07oQ
WINNER - LOVE ME LOVE ME (WINNER JAPAN TOUR 2018 ~We’ll always be young~),TXFkWbHFz24
WINNER - HaruHaru (WINNER Ver.) (WINNER JAPAN TOUR 2018 ~We’ll always be young~),q4RAFve4_4Y
WINNER - REALLY REALLY (WINNER JAPAN TOUR 2018 ~We’ll always be young~),qgS1vI2kpos
WINNER JAPAN TOUR 2018 ~We’ll always be young~ (Trailer_DVD & Blu-ray 9.5 on sale),35M646OBCMk
2018 WINNER'S SUMMER STORY [in Philippines] TEASER,5zIVsM2-3_Q
WINNER - 'EVERYWHERE TOUR' SPOILER,uAdQi60UOPs
WINNER - 'EVERYWHERE TOUR' TEASER #2,UnEUFFKm9ak
WINNER - 'EVERYWHERE TOUR' MESSAGE FROM WINNER,XrJRgNVYGCg
WINNER - 'WWIC 2018' THANK YOU MESSAGE,bNvX2mERqyU
WINNER - 'EVERYWHERE TOUR' TEASER #1,OxNgnR4QhTU
WINNER - PRIVATE STAGE 'WWIC 2018' SPOT #2,14GpI1PcxLY
WINNER - 'EVERYD4Y -KR EDITION-' Trailer,TXYEsomwhMA
WINNER - ‘EVERYDAY’ 0527 SBS Inkigayo,GDTXmUC-6T4
WINNER - PRIVATE STAGE 'WWIC 2018' SPOT #1,1qmeuvWqhRc
WINNER - ‘EVERYDAY’ 0520 SBS Inkigayo,XKpuNAEQGQk
WINNER - 'EVERYD4Y' EXHIBITION,19Pdr32710w
WINNER - ‘EVERYDAY’ 0513 SBS Inkigayo,gjwJFURSaDw
WINNER - ‘EVERYDAY’ 0506 SBS Inkigayo,pmMF18b2uAw
WINNER - ‘EVERYDAY’ 0429 SBS Inkigayo,Kcphaxv4fo0
WINNER - ‘EVERYDAY’ 0422 SBS Inkigayo,LFkuj_YC31Y
"WINNER - ‘EVERYD4Y’ FAN SIGNING DAY IN BUSAN, DAEGU",HmjNK4XVl_0
WINNER - ‘EVERYDAY’ 0415 SBS Inkigayo : NO.1 OF THE WEEK,F30Jrkedqko
WINNER - 'EVERYD4Y' FAN SIGNING DAY IN SINCHON,cbb5Swq3F_c
WINNER - 'EVERYDAY' BEHIND THE SCENES at SBS Inkigayo,cDaR0104qYQ
WINNER - ‘EVERYDAY’ 0408 SBS Inkigayo,slVMmX-Gt98
WINNER - ‘LA LA’ 0408 SBS Inkigayo,QQ3N5c8GNiI
WINNER - ‘EVERYDAY’ DANCE PRACTICE VIDEO (MOVING VER.),PHmBGkEFW78
WINNER - ‘EVERYDAY’ M/V MAKING FILM,lTcIhYEyV4g
WINNER - 'EVERYDAY' M/V,d1D1SJ-KqaQ
WINNER - THE 2ND ALBUM ‘EVERYD4Y’ SAMPLER,n_ldEy8P7Mg
WINNER - ‘EVERYDAY’ M/V TEASER : DIRECTOR’S CUT,I_DW8nEEPIo
WINNER - ‘EVERYDAY’ M/V MAKING TEASER #2,eUjX34fCoE0
WINNER - ‘EVERYDAY’ M/V MAKING TEASER #1,j6Ru3Pb9928
WINNER - ‘EVERYDAY’ M/V TEASER,_rrDskxit9g
WINNER'S 2018 WELCOMING COLLECTION #2,KJZKTabL5nc
WINNER'S 2018 WELCOMING COLLECTION,rnzsxoQbe9w
WINNER - 'OUR TWENTY FOR' JP Trailer,gUh7wHDnEgs
WINNER - '공허해(empty)’ + ‘REALLY REALLY’ in 2018 Golden Disc Awards,TvaCay-nJ7U
WINNER - ‘하루하루(HARU HARU)’ + ‘REALLY REALLY’ in 2017 SBS Gayodaejun,sm7_baYCIkQ
WINNER - 'LOVE ME LOVE ME' 1001 SBS Inkigayo,wPKleHNLoeo
WINNER - LOVE ME LOVE ME (Japanese Ver.) M/V,-TnqJAw7OKA
WINNER - ISLAND (Japanese Ver.) M/V,HcfwN2GgnpA
WINNER - 'LOVE ME LOVE ME' 0827 SBS Inkigayo,c0mHb1OcKyY
WINNER - 'OUR TWENTY FOR' FAN SIGNING EVENT,qihhEL9XZtM
WINNER - 'LOVE ME LOVE ME' 0820 SBS Inkigayo,_5B6ymkU5ag
"2017 WINNER'S SUMMER STORY [Hafa Adai, GUAM] Teaser 2",IYkwsMVq5Wg
"2017 WINNER'S SUMMER STORY [Hafa Adai, GUAM] Teaser 1",phm2tLFIVro
WINNER - 'LOVE ME LOVE ME' 0813 SBS Inkigayo,oc9iMgTR3b4
WINNER - 'ISLAND' M/V MAKING FILM,XIVL7xwp9eU
WINNER - 'LOVE ME LOVE ME' M/V MAKING FILM,VzmJPm8BV6c
WINNER - 'ISLAND' DANCE PRACTICE VIDEO,B7jL-fTYDQs
WINNER - 'LOVE ME LOVE ME' DANCE PRACTICE VIDEO,7QcZpmAZVa4
WINNER - 'LOVE ME LOVE ME' 0806 SBS Inkigayo,j4Ege_TROz0
WINNER - 'ISLAND' 0806 SBS Inkigayo,Leieh02fw50
WINNER - 'ISLAND' M/V,kRj4toENrnA
WINNER - 'LOVE ME LOVE ME' M/V,ppOWR7ZLl7Q
WINNER - 'ISLAND' MOTION TEASER,cR2mr_jY1k8
WINNER - 'LOVE ME LOVE ME' MOTION TEASER,Jw2pcXdF__E
WINNER - ‘ISLAND’ M/V TEASER,LJWt9qyB8KU
WINNER - ‘LOVE ME LOVE ME’ M/V TEASER,Qr2PiTE_uIE
WINNER - ‘REALLY REALLY’ 0528 SBS Inkigayo,KA9T8PpIKzM
WINNER - 'REALLY REALLY' CHOREOGRAPHY BY HOONY,s5gqGJMbYq0
WINNER -FATE NUMBER FOR- Trailer,xw-ksZ-MTWY
WINNER - 'REALLY REALLY' DANCE TUTORIAL,yRBD2WPPI2E
WINNER - FOOL (Japanese Ver.) M/V,-ltmYOQTF7o
WINNER - REALLY REALLY (Japanese Ver.) M/V,7yJSyL2wCMc
WINNER - ‘REALLY REALLY’ 0507 SBS Inkigayo,aahj6ksuE94
WINNER - ‘REALLY REALLY’ 0430 SBS Inkigayo,woqA9pU3KA8
WINNER - ‘REALLY REALLY’ 0423 SBS Inkigayo : NO.1 OF THE WEEK,NGdqYt4EGkI
WINNER - 'FATE NUMBER FOR' DOCUMENTARY FILM,YIYBjfnqYA8
WINNER - ‘FOOL’ DANCE PRACTICE VIDEO,YY72U9YtcWY
WINNER - ‘REALLY REALLY’ DANCE PRACTICE VIDEO,R006vItSMKk
WINNER - ‘FOOL’ 0409 SBS Inkigayo,frU4daHvx70
WINNER - ‘REALLY REALLY’ 0409 SBS Inkigayo,sPai6vaGVJQ
WINNER - 'FOOL' M/V MAKING FILM,o4fkx3123KI
WINNER 'REALLY REALLY' M/V DANCE CREW - PERFORMANCE VIDEO,MFNe07mP_eA
WINNER - 'REALLY REALLY' M/V MAKING FILM,4fp5BaJc9qA
WINNER - 'REALLY REALLY' M/V,4tBnF46ybZk
WINNER - 'FOOL' M/V,GsebMOWQiYM
WINNER - 'FATE NUMBER FOR' COUNTDOWN LIVE TEASER,miosgaJ5T_M
WINNER - ‘FOOL’ M/V TEASER,UzySFs32UIU
WINNER - ‘REALLY REALLY’ M/V TEASER,FMJsKrlKfjU
WINNER - WINNER CHANNEL+ OPEN !,8_aP5qPTPsY
WINNER - FATE NUMBER FOR TEASER,KzvFLQIVWWU
WINNER - BABY BABY (Short Ver.) from '2016 WINNER EXIT TOUR IN JAPAN',ydGUyl8ro40
WINNER - SENTIMENTAL (Short Ver.) from '2016 WINNER EXIT TOUR IN JAPAN',mE5kX1hc-VI
WINNER - IMAMATURE (Short Ver.) from '2016 WINNER EXIT TOUR IN JAPAN',QX4h6KBeCR4
2016 WINNER EXIT TOUR IN JAPAN [Trailer2],a5TYgYOT72Y
2016 WINNER EXIT TOUR IN JAPAN [Trailer],yiTTrp4pTRY
MINO - '몸(BODY)' 0922 M COUNTDOWN,wnQonzAmLJc
MINO - '몸(BODY)' M/V BEHIND THE SCENES,6I4KH6ODobw
MINO - '몸(BODY)' M/V,IlJHZJ8EqeA
WINNER - SENTIMENTAL (Japanese Ver.) M/V,Q2RzK0564Sw
WINNER - EXIT MOVEMENT : E -JAPAN EDITION- Trailer,BQvgRveBcok
WINNER - I‘M YOUNG (TAEHYUN) (Japanese Ver.) M/V,910QsuJzQpU
WINNER - BABY BABY (Japanese Ver.) M/V,ecsynpd7mSQ
WINNER - 2015 JAPAN TOUR Trailer2,wwJERZwDiII
WINNER - COLOR RING (Short Ver.) from 'WINNER JAPAN TOUR 2015',pFde4lAPgPA
WINNER - SMILE AGAIN (Short Ver.) from 'WINNER JAPAN TOUR 2015',w-BYwGREFkQ
WINNER -  2015 JAPAN TOUR Trailer,MTiVyyPhznw
WINNER - 2016 EXIT TOUR IN JAPAN Trailer,Bsv9VGubqIc
WINNER - JTBC 반달친구 '지난 날' M/V,ozWaph4QqLo
WINNER - 2016 EXIT TOUR MAKING FILM,FvnFiF-bTbo
WINNER - JTBC 반달친구 TEASER SPOT,hh1axcFoJEY
WINNER - NYLON KOREA FASHION FILM ‘WINNER'S EXIT’,QMJcjQ75P4s
WINNER - 'OKEY DOKEY' + 'BABY BABY' in 2016 SIA,WkZ1pK2ChZ0
WINNER - ‘센치해(SENTIMENTAL)’ 0306 SBS Inkigayo,lh1XztIcS-Y
WINNER - ‘센치해(SENTIMENTAL)’ 0228 SBS Inkigayo,GS0oAicGB8Q
WINNER - ‘센치해(SENTIMENTAL)’ 0225 M COUNTDOWN : NO.1 OF THE WEEK,J9cV9q6aHQA
WINNER - ‘센치해(SENTIMENTAL)’ 0221 SBS Inkigayo,EamP-MADtrc
WINNER - ‘BABY BABY’ 0219 Yoo Hee-yeol's Sketchbook,K5erQ09qb5Y
WINNER - '공허해(empty)’ 0219 Yoo Hee-yeol's Sketchbook,GBxSlCwd2Qw
WINNER - '센치해(SENTIMENTAL)' 0218 M COUNTDOWN,o5d_81lD61M
WINNER - '2016 WINNER EXIT TOUR IN SEOUL' SPOT,nTYgoomIk4c
WINNER - ‘BABY BABY’ 0214 SBS Inkigayo,tApW9HcEfF4
WINNER - ‘센치해(SENTIMENTAL)’ 0214 SBS Inkigayo,RgfVYAV4fTk
WINNER - ‘BABY BABY’ 0204 M COUNTDOWN,DPoAzpr_J-o
WINNER - ‘센치해(SENTIMENTAL)’ 0204 M COUNTDOWN,z1VYiTpgoXI
WINNER - ‘철없어(IMMATURE)’ 0204 M COUNTDOWN,0TT7BT2_olU
YOO BYUNG JAE - '센치해(SENTIMENTAL)' BY WINNER COVER M/V,IN5it6NaukA
WINNER - 'BABY BABY' M/V,jBBy2p5EQhs
WINNER - '센치해(SENTIMENTAL)' M/V,OV9NJGTLm-4
WINNER - '좋더라(I’M YOUNG)' M/V,P79G22cJe74
WINNER - 'EXIT' TEASER FILM : SEUNGYOON,LezoPRACBsY
WINNER - 'EXIT' TEASER FILM : JINWOO,FJ6Vs8vdSNQ
WINNER - 'EXIT' TEASER FILM : SEUNGHOON,NaWxBXzJf1g
WINNER - ‘좋더라(I’M YOUNG)' M/V MAKING FILM,RZgWQLL75RA
WINNER - ‘센치해(SENTIMENTAL)' M/V MAKING FILM,cxWLiFYdNRE
WINNER - 'BABY BABY' M/V MAKING FILM,EUl3JoXp2BU
EPIK HIGH - '센치해(SENTIMENTAL)' BY WINNER COVER 08,NBHK2Gm5OCA
G-DRAGON - '센치해(SENTIMENTAL)' BY WINNER COVER 07,kb4uTf4p_tk
KATIE KIM - '센치해(SENTIMENTAL)' BY WINNER COVER 06,OFPwRH9_M80
AKMU - '센치해(SENTIMENTAL)' BY WINNER COVER 05,ZJN4cf1ufy0
DEAN - 'BABY BABY' BY WINNER COVER 04,ZaeLTd-U0e0
ZION.T - 'BABY BABY' BY WINNER COVER 03,7_7iSnDvuFQ
TAEYANG - 'BABY BABY' BY WINNER COVER 02,IVleIJaxxAU
LEE HI - 'BABY BABY' BY WINNER COVER 01,fdQTp8ipyGM
WINNER - 'EXIT' TEASER FILM : TAEHYUN,FI72lY78vOo
WINNER - 'EXIT' TEASER FILM : MINO,77EFsT6oQrM
WINNER - 2016 PROJECT 'EXIT MOVEMENT' TEASER FILM,e4O1lUUZ-78
WINNER - '2016 WINNER SEASON'S GREETINGS : KIDS OF W' PROMO SPOT,CYXCAZlEkyU
WINNER - '2016 WINNER SEASON'S GREETINGS : KIDS OF W' PROMO SPOT (JP ver.),PIR1d32eoTk
WINNER - WWIC 2015 IN SEOUL DVD PROMO SPOT,CZGRQZpBo-Y
SONG MINHO - 'OKEY DOKEY' (with ZICO) 0828 Mnet SHOW ME THE MONEY 4,1IDknHU6cUI
WINNER - COLOR RING (Short Ver.) from 'WINNER 1st JAPAN TOUR 2014',DIPbjtoqcDA
WINNER - EMPTY (Short Ver.) from 'WINNER 1st JAPAN TOUR 2014',CcOhk3peG0A
WINNER - GO UP (Short Ver.) from 'WINNER 1st JAPAN TOUR 2014',Q6LMvNTh1XU
SONG MINHO - '겁' (feat. TAEYANG) 0821 Mnet SHOW ME THE MONEY 4,bgLah5W7yK0
WINNER - JAPAN TOUR 2015 Trailer,2-HcadYew1k
WINNER - 1st JAPAN TOUR 2014 Trailer,SrfKss_Yw0o
WINNER - WELCOMING COLLECTION DVD PREVIEW SPOT,zTvf5HwkPoc
WINNER - WELCOMING COLLECTION PACKAGE TEASER SPOT 'The KEY',4sH1LYs_ZOo
WINNER - WWIC 2015 'SEOUL',ijpfTiD7gV4
WINNER - '공허해(empty)' in 2014 SBS Gayodaejun,nHioeKggCCE
WINNER - WWIC 2015 'THE ANNOUNCEMENT' TEASER SPOT,L8EpF8WeAM8
WINNER - '공허해(empty)' in MAMA 2014,g0xMfjjS_8Y
[FROM.WINNER] WINNER가 2014 수험생을 응원합니다.,GmMetl2un0M
WINNER - OPENING + 공허해(EMPTY) 141028 SIA,dOE5mxLDIo8
WINNER - '끼부리지마(Don't Flirt)' 1016 M COUNTDOWN,J647cCWxkm8
WINNER - '끼부리지마(Don't Flirt)' 1012 SBS Inkigayo,2U_fXX1lUGg
WINNER - '끼부리지마(Don't Flirt)' 1009 M COUNTDOWN,vGjcJmujCTU
FROM. WINNER MESSAGE,psSuvehOJq8
WINNER - '끼부리지마(Don't Flirt)' 1005 SBS Inkigayo,nuljc9jH5qo
WINNER - '공허해(empty)' 0925 M COUNTDOWN,_CsD2YE5xQQ
WINNER - '끼부리지마(Don't Flirt)' 0925 M COUNTDOWN,sgfcN2dLdLA
WINNER - '공허해(empty)' 0921 SBS Inkigayo,aATS_kkX_xA
WINNER - '공허해(empty)' 0918 M COUNTDOWN : NO.1 OF THE WEEK,VHXGhGu1YlE
WINNER - '2014 S/S -Japan Collection-' 9.10 Release Comment ＆SPOT,1YoBQzXTSzA
WINNER -'공허해(empty)' 0907 SBS Inkigayo,JXV3ozHxJGM
WINNER - '2014 S/S -Japan Collection-' Comment ＆SPOT,afRpKgJN_8Q
WINNER - 2014 S/S 'JAPAN COLLECTION' TRAILER,MdMO2_qc8Fs
WINNER -'공허해(empty)' 0831 SBS Inkigayo : NO.1 OF THE WEEK,KCWIIvw706U
WINNER - 컬러링(COLOR RING) (Japanese Ver.) M/V,NNs3aaBl4lw
WINNER - '걔 세(I'M HIM)' MINO SOLO M/V,iQnAL-f2grI
WINNER - 공허해(EMPTY) (Japanese Ver.) M/V,wQVyOQFA6e4
WINNER - 2014 S/S -Japan Collection- 'GO UP' Promotion Movie,yZkO-hcAHJI
WINNER - '공허해(empty)' 0828 M COUNTDOWN : NO.1 OF THE WEEK,QjQjbwNqYN0
WINNER - INNER CIRCLE JAPAN PR MOVIE,jvHosfANSkM
WINNER -'공허해(empty)' 0824 SBS Inkigayo : NO.1 OF THE WEEK,Db4znci9qA8
WINNER - WINNER TV DVD EPISODE COLLECTION SPOT,Lt_lr9heZIg
WINNER - '공허해(empty)' 0821 M COUNTDOWN : NO.1 OF THE WEEK,jTNL8OkUWK4
WINNER - '컬러링(Color Ring)' 0821 M COUNTDOWN,Yw1A14t3_Lk
WINNER - KANG SEUNG YOON(강승윤) ALS ICE BUCKET CHALLENGE,_ihhlDtLcSY
WINNER -'공허해(empty)' 0817 SBS Inkigayo,8qOePwohAok
WINNER -'컬러링(Color Ring)' 0817 SBS Inkigayo,kS_v69VrHuE
WINNER - 2014 S/S ‘GRAND LAUNCH’ BEHIND STORY,t5IlvHuN17I
WINNER - '2014 S/S' DEBUT ALBUM SAMPLER  [READY-TO-HEAR],OwYUPeO1aiE
WINNER - '컬러링(COLOR RING)' M/V,vQIfXg7UukI
WINNER - '공허해(empty)' M/V,gEqlF5N8UMs
WINNER - JAPAN DEBUT COMMENT,dvbdVDFpqB8
WINNER - DEBUT ALBUM TEASER '2014 S/S GRAND LAUNCH',Pmk9S9qx71Y
WINNER - TEASER MOVIE #6,abVPDJRbjXE
WINNER - TEASER MOVIE #5,BJlijBC2NgY
WINNER - TEASER MOVIE #4,PPmRXsQVB7c
WINNER - TEASER MOVIE #3,-mT3Ngdyi44
WINNER - TEASER MOVIE #2,dXQReYzS37E
WINNER - TEASER MOVIE #1,o-FEjXI8ADw
WINNER - 1st TEASER 'THE VISITOR',XntUhF68DJc
WINNER TV - EPISODE #10 TEASER,VlJjftYQIxo
WINNER TV - EPISODE #9 TEASER,8Ve8V5HO370
WINNER TV - EPISODE #8 TEASER,_ZYFcMieHVM
WINNER TV - EPISODE #7 TEASER,WdN9MP3wJnw
WINNER TV - EPISODE #6 TEASER,N_DW3q5ykAw
WINNER TV - EPISODE #5 TEASER,FevWA242peU
WINNER TV - EPISODE #4 TEASER,RW6cYwA5bdM
WINNER TV - EPISODE #3 TEASER,vzNlL96EPq0
WINNER TV - EPISODE #2 TEASER,Qf_c0UDj6NM
